WantHave,BaseItem,ItemType,AlbumType,AlbumRef,AlbumSection,AlbumPage,RefItem,Desc,Notes,CatgDisplayNum
# originally taken from lines 4746-4800 of inventory.csv on 5/9/2015
h,6110e1197,price1,SS6,JOINT1,JGEORGIA,3,,,,24
h,6110e1197,price1,SS6,JOINT1,JGEORGIA,3,,,,24
h,6110e1197,price1,SS6,JOINT1,JGEORGIA,3,,,,24
h,6110e1197,price1,SS6,JOINT1,JGEORGIA,3,,,,24
h,6110e1200,price1,SS6,JOINT1,JGEORGIA,3,,"Partial set (1v) 5.55 [Pl.No.989(1986+) Prt.Date 240313]",,24
h,6110e1197,price1,SS6,JOINT1,JGEORGIA,3,,"Partial set (1v) 5.55 [Pl.No.989(1986+) Prt.Date 240313]",,24
h,6110e1197,price1,SS6,JOINT1,JGEORGIA,3,,"Partial set (1v) 5.55 [Pl.No.989(1986+) Prt.Date 110313]",,24
h,6110e1197,price1,SS6,JOINT1,JGEORGIA,3,,"Partial set (1v) 5.55 [Pl.No.989(1986+) Prt.Date 110313]",,24
h,6110e1197,price1,SS6,JOINT1,JGEORGIA,3,,"Partial set (1v) 5.55 [Pl.No.989(1986+) Prt.Date 110313]",,24
h,6110e1197,price1,SS6,JOINT1,JGEORGIA,3,,"Partial set (1v) 5.55 [Pl.No.989(1986+) Prt.Date 110313]",,24
h,6110e1197,price1,SS6,JOINT1,JGEORGIA,3,,"Partial set (1v) 5.55 [Pl.No.989(1986+) Prt.Date 110313]",,24
h,6110e1197,price1,SS6,JOINT1,JGEORGIA,3,,"Partial set (1v) 5.55 [Pl.No.989(1986+) Prt.Date 110313]",,24
h,6110e1197,price1,SS6,JOINT1,JGEORGIA,3,,"Partial set (1v) 5.55  (#1/6) [Pl.No.989(1948+) Prt.Date 110313]",,24
h,6110e1197,price1,SS6,JOINT1,JGEORGIA,3,,"Partial set (1v) 5.55  (#1/6) [Pl.No.989(1948+) Prt.Date 110313]",,24
h,6110e1197,price1,SS6,JOINT1,JGEORGIA,3,,"Partial set (1v) 5.55   (#1/6) [Pl.No.989(1986+) Prt.Date 110313]",,24
h,6110e1197,price1,SS6,JOINT1,JGEORGIA,3,,"Partial set (1v) 5.55   (#1/6) [Pl.No.989(1986+) Prt.Date 110313]",,24
h,6110e1197,price1,SS6,JOINT1,JGEORGIA,3,,"Partial set (1v) 5.55   (#1/6) [Pl.No.989(1986+) Prt.Date 110313]",,24
h,6110e1197,price1,SS6,JOINT1,JGEORGIA,3,,"Partial set (1v) 5.55   (#1/6) [Pl.No.989(1986+) Prt.Date 110313]",,24
h,6110e1197,price1,SS6,JOINT1,JGEORGIA,3,,"Partial set (1v) 5.55   (#1/6) [Pl.No.989(1986+) Prt.Date 110313]",,24
h,6110e1197,price1,SS6,JOINT1,JGEORGIA,3,,"Partial set (1v) 5.55   (#1/6) [Pl.No.989(1986+) Prt.Date 110313]",,24
h,6110e1197,price1,SS6,JOINT1,JGEORGIA,3,,"Partial set (1v) 5.55   (#1/6) [Pl.No.989(1986+) Prt.Date 110313]",,24
h,6110e1197,price1,SS6,JOINT1,JGEORGIA,3,,"Partial set (1v) 5.55   (#1/6) [Pl.No.989(1986+) Prt.Date 110313]",,24
h,6110e1197,price1,SS6,JOINT1,JGEORGIA,3,,"Partial set (1v) 5.55   (#1/6) [Pl.No.989(1986+) Prt.Date 110313]",,24
h,6110e1197,price1,SS6,JOINT1,JGEORGIA,3,,"Partial set (1v) 5.55   (#1/6) [Pl.No.989(1986+) Prt.Date 110313]",,24
h,6110e1197,price1,SS6,JOINT1,JGEORGIA,4,,"Partial set (1v) 5.55   (#1/6) [Pl.No.989(1986+) Prt.Date 2013.03.11]",,24
h,6110e1197,price1,SS6,JOINT1,JGEORGIA,4,,"Partial set (1v) 5.55   (#1/6) [Pl.No.989(1986+) Prt.Date 2013.03.11]",,24
h,6110e1197,price1,SS6,JOINT1,JGEORGIA,4,,"Partial set (1v) 5.55    (#1/6) [Pl.No.989(1986+) Prt.Date 2013.03.11]",,24
h,6110e1197,price1,SS6,JOINT1,JGEORGIA,4,,"Partial set (1v) 5.55    (#1/6) [Pl.No.989(1986+) Prt.Date 2013.03.11]",,24
h,6110e1197,price1,SS6,JOINT1,JGEORGIA,4,,"Partial set (1v) 5.55 (#1/6) [Pl.No.989(1986+) Prt.Date 2013.03.11]",,24
h,6110e1197,price1,SS6,JOINT1,JGEORGIA,4,,"Partial set (1v) 5.55 (#1/6) [Pl.No.989(1986+) Prt.Date 2013.03.11]",,24
h,6110e1197,price1,SS6,JOINT1,JGEORGIA,4,,"Partial set (1v) 5.55 (#1/6) [Pl.No.989(1986+) Prt.Date 2013.03.11]",,24
h,6110e1197,price1,SS6,JOINT1,JGEORGIA,4,,"Partial set (1v) 123 (#2/4) [Pl.No.1023(1986+) Prt.Date 2012.06.06]",,24
h,6110e1197,price1,SS6,JOINT1,JGEORGIA,4,,"Partial set (1v) 123 (#2/4) [Pl.No.1023(1986+) Prt.Date 2012.06.06]",,24
h,6110e1197,price1,SS6,JOINT1,JGEORGIA,4,,"Partial set (1v) 123 (#2/4) [Pl.No.1023(1986+) Prt.Date 2012.06.06]",,24
h,6110e1197,price1,SS6,JOINT1,JGEORGIA,4,,"Partial set (1v) 123 (#2/4) [Pl.No.1023(1986+) Prt.Date 2012.06.06]",,24
h,6110e1197,price1,SS6,JOINT1,JGEORGIA,4,,,,24
h,6110e1197,price1,SS6,JOINT1,JGEORGIA,4,,"Partial set (1v) 123 (#2/4) [Pl.No.1023(1986+) Prt.Date 2012.06.06]",,24
h,6110e1197,price1,SS6,JOINT1,JGEORGIA,4,,,,24
h,6110e1197,price1,SS6,JOINT1,JGEORGIA,4,,"Partial set (1v) 123 (#2/4) [Pl.No.1023(1986+) Prt.Date 2012.06.06]",,24
h,6110e1197,price1,SS6,JOINT1,JGEORGIA,4,,"Partial set (1v) 123 (#2/4) [Pl.No.1023(1986+) Prt.Date 2012.06.06]",,24
h,6110e1197,price1,SS6,JOINT1,JGEORGIA,4,,"Partial set (1v) 123 (#2/4) [Pl.No.1023(1986+) Prt.Date 2012.06.06]",,24
h,6110e1197,price1,SS6,JOINT1,JGEORGIA,4,,"Partial set (1v) 123 (#2/4) [Pl.No.1023(1986+) Prt.Date 2012.06.06]",,24
h,6110e1197,price1,SS6,JOINT1,JGEORGIA,4,,"Complete set (1v) 123 (#2/4) [Pl.No.1023(1986+) Fmt=(2x5) Prt.Date 2012.06.06]",,24
h,6110e1203,price1,SS6,JOINT1,JGEORGIA,4,,"Complete set (1v) 123 (#2/4) [Pl.No.1023(1986+) Fmt=(2x5) Prt.Date 2012.06.06]",,24
h,6110e1212,price1,SS6,JOINT1,JGEORGIA,4,,"Partial set (1v) 123 (#2/4) [Pl.No.1023(1986+) Fmt=(2x5) Prt.Date 2012.06.06]",,24
h,6110e1197,price1,SS6,JOINT1,JGEORGIA,4,,"Complete set (1v) 123 (#2/4) [Pl.No.1023(1986+) Fmt=(2x5) Prt.Date 2012.06.06]",,24
h,6110e1197,price1,SS6,JOINT1,JGEORGIA,4,,,,24
h,6110e1197,price1,SS6,JOINT1,JGEORGIA,4,,"Complete set (1v) 123 (#2/4) [Pl.No.1023(1986+) Format=(2x5) Prt.Date 20.ne.No]",,24
h,6110e1197,price1,SS6,JOINT1,JGEORGIA,4,,"Complete set (1v) 123 (#2/4) [Pl.No.1023(1986+) Format=(2x5) Prt.Date 20.ne.No]",,24
h,6110e1197,price1,SS6,JOINT1,JGEORGIA,4,,"Complete set (1v) 123 (#2/4) [Pl.No.1023(1986+) Format=(2x5) Prt.Date 20..n..N]",,24
h,6110e1197,price1,SS6,JOINT1,JGEORGIA,4,,"Complete set (1v) 123 (#2/4) [Pl.No.1023(1986+) Format=(2x5) Prt.Date 20..n..N]",,24
h,6110e1197,price1,SS6,JOINT1,JGEORGIA,4,,"Complete set (1v) 123 (#2/4) [Pl.No.1023(1986+) Format=(2x5) Prt.Date 20......]",,24
h,6110e1197,price1,SS6,JOINT1,JGEORGIA,4,,"Complete set (1v) 123 (#2/4) [Pl.No.1023(1986+) Format=(2x5) Prt.Date 20......]",,24
h,6110e1197,price1,SS6,JOINT1,JGEORGIA,4,,"Complete set (1v) 123 (#2/4) [Pl.No.1023(1986+) Format=(2x5)]",,24
h,6110e1197,price1,SS6,JOINT1,JGEORGIA,4,,,,24
